<?xml version="1.0" encoding="utf-8" ?>
<dwsync>
<file name="1-1.png" server="C:/Inetpub/wwwroot/" local="129420407060000000" remote="129420407060000000" />
<file name="1.wma" server="C:/Inetpub/wwwroot/" local="128891436777414876" remote="128891436780000000" />
<file name="about.gif" server="C:/Inetpub/wwwroot/" local="128702695440000000" remote="128702695440000000" />
<file name="ad1.jpg" server="C:/Inetpub/wwwroot/" local="129577583602980815" remote="129577583620000000" />
<file name="ad2.jpg" server="C:/Inetpub/wwwroot/" local="129577583274699565" remote="129577583280000000" />
<file name="ad3.jpg" server="C:/Inetpub/wwwroot/" local="129577582980637065" remote="129577583000000000" />
<file name="adv1.gif" server="C:/Inetpub/wwwroot/" local="128299909840000000" remote="128299909840000000" />
<file name="b-ad1.jpg" server="C:/Inetpub/wwwroot/" local="129813013335000000" remote="129813013340000000" />
<file name="b-ad2.jpg" server="C:/Inetpub/wwwroot/" local="129577586794074565" remote="129577586800000000" />
<file name="b-ad3.jpg" server="C:/Inetpub/wwwroot/" local="129577587283918315" remote="129577587300000000" />
<file name="b-ad4.jpg" server="C:/Inetpub/wwwroot/" local="129577587518137065" remote="129577587520000000" />
<file name="blank.gif" server="C:/Inetpub/wwwroot/" local="127881876380000000" remote="127881876380000000" />
<file name="book-store.flv" server="C:/Inetpub/wwwroot/" local="129438536240000000" remote="129438536240000000" />
<file name="border.gif" server="C:/Inetpub/wwwroot/" local="128702691220000000" remote="128702691220000000" />
<file name="box-bottom.gif" server="C:/Inetpub/wwwroot/" local="128698998660000000" remote="128698998660000000" />
<file name="box-center.gif" server="C:/Inetpub/wwwroot/" local="128698999060000000" remote="128698999060000000" />
<file name="box-top.gif" server="C:/Inetpub/wwwroot/" local="128698998520000000" remote="128698998520000000" />
<file name="bullet.png" server="C:/Inetpub/wwwroot/" local="129421248500904084" remote="129421248520000000" />
<file name="cart.gif" server="C:/Inetpub/wwwroot/" local="128702696220000000" remote="128702696220000000" />
<file name="center-bg.gif" server="C:/Inetpub/wwwroot/" local="128702702020000000" remote="128702702020000000" />
<file name="close1.jpg" server="C:/Inetpub/wwwroot/" local="128311870900000000" remote="128311870900000000" />
<file name="contact-bt.gif" server="C:/Inetpub/wwwroot/" local="128702716580000000" remote="128702716580000000" />
<file name="footer-bg.gif" server="C:/Inetpub/wwwroot/" local="128702694820000000" remote="128702694820000000" />
<file name="header.jpg" server="C:/Inetpub/wwwroot/" local="128702687440000000" remote="128702687440000000" />
<file name="left-menu-bullet.gif" server="C:/Inetpub/wwwroot/" local="128702717800000000" remote="128702717800000000" />
<file name="mnav-bg.png" server="C:/Inetpub/wwwroot/" local="129419710963750000" remote="129419710980000000" />
<file name="nav-bg.png" server="C:/Inetpub/wwwroot/" local="129419707902500000" remote="129419707920000000" />
<file name="new-icon.gif" server="C:/Inetpub/wwwroot/" local="128701512720000000" remote="128701512720000000" />
<file name="pagebar-bg.png" server="C:/Inetpub/wwwroot/" local="129417910623906250" remote="129417910640000000" />
<file name="prod1.jpg" server="C:/Inetpub/wwwroot/" local="129438452629531250" remote="129438452640000000" />
<file name="prod2.jpg" server="C:/Inetpub/wwwroot/" local="129438453332187500" remote="129438453340000000" />
<file name="promo-icon.gif" server="C:/Inetpub/wwwroot/" local="128701515000000000" remote="128701515000000000" />
<file name="thumb1.jpg" server="C:/Inetpub/wwwroot/" local="129438453744062500" remote="129438453760000000" />
<file name="thumb2.jpg" server="C:/Inetpub/wwwroot/" local="129575917666562500" remote="129575917680000000" />
<file name="thumb3.jpg" server="C:/Inetpub/wwwroot/" local="129575918862500000" remote="129575918880000000" />
<file name="top.swf" server="C:/Inetpub/wwwroot/" local="127792037060000000" remote="127792037060000000" />
<file name="valid-xhtml10.png" server="C:/Inetpub/wwwroot/" local="129406877452968750" remote="129406877460000000" />
<file name="vcss.gif" server="C:/Inetpub/wwwroot/" local="129406885224531250" remote="129406885240000000" />
<file name="zoom.gif" server="C:/Inetpub/wwwroot/" local="128702716000000000" remote="128702716000000000" />
</dwsync>